date,lei,ip,gdp
1919-01-31,,,
1919-02-28,,,
1919-03-31,,,
1919-04-30,,,
1919-05-31,,,
1919-06-30,,,
1919-07-31,,,
1919-08-31,,,
1919-09-30,,,
1919-10-31,,,
1919-11-30,,,
1919-12-31,,,
1920-01-31,,0.15469022911743546,
1920-02-29,,0.20808788751773655,
1920-03-31,,0.22023466902811584,
1920-04-30,,0.13450495910910054,
1920-05-31,,0.1569899448589036,
1920-06-30,,0.09834766172794351,
1920-07-31,,0.010314417177914148,
1920-08-31,,0.0,
1920-09-30,,-0.015532558632518123,
1920-10-31,,-0.04712388518907973,
1920-11-30,,-0.11169802362157999,
1920-12-31,,-0.17801923900767225,
1921-01-31,,-0.29186909401526884,
1921-02-28,,-0.3062125175733632,
1921-03-31,,-0.3122029101201059,
1921-04-30,,-0.27319785276073627,
1921-05-31,,-0.2713578170264461,
1921-06-30,,-0.28357573738943787,
1921-07-31,,-0.27040874416486393,
1921-08-31,,-0.248739781373308,
1921-09-30,,-0.21579720074385833,
1921-10-31,,-0.131871500388278,
1921-11-30,,-0.06587826551747178,
1921-12-31,,-0.012745190940964601,
1922-01-31,,0.08785685564937684,
1922-02-28,,0.1586210434514954,
1922-03-31,,0.25531522025850695,
1922-04-30,,0.21276707992614097,
1922-05-31,,0.2413686964551376,
1922-06-30,,0.31249838572203426,
1922-07-31,,0.3216812317935913,
1922-08-31,,0.25,
1922-09-30,,0.30872918798831783,
1922-10-31,,0.3038064075704434,
1922-11-30,,0.3782037527120139,
1922-12-31,,0.42582905408648086,
1923-01-31,,0.34159582332286087,
1923-02-28,,0.30356431259685634,
1923-03-31,,0.27684969215575017,
1923-04-30,,0.35087871933182524,
1923-05-31,,0.3000041325729399,
1923-06-30,,0.2275070843828717,
1923-07-31,,0.2169198677581865,
1923-08-31,,0.22163248894250098,
1923-09-30,,0.13334223425966552,
1923-10-31,,0.06795818513369545,
1923-11-30,,0.023267480884337388,
1923-12-31,,-0.02716257152473922,
1924-01-31,,0.018527765820060216,
1924-02-29,,0.022825311640229495,
1924-03-31,,-0.02654532288855238,
1924-04-30,,-0.0779126682552973,
1924-05-31,,-0.1282047206548519,
1924-06-30,,-0.1594818603010726,
1924-07-31,,-0.16521935995084003,
1924-08-31,,-0.11946218155486787,
1924-09-30,,-0.06787277011107362,
1924-10-31,,-0.040912241551284034,
1924-11-30,,-0.022738415242345877,
1924-12-31,,0.027920977061204777,
1925-01-31,,0.03636455850281495,
1925-02-28,,0.017866037923820466,
1925-03-31,,0.03636455850281495,
1925-04-30,,0.07979884405175586,
1925-05-31,,0.12255465003919852,
1925-06-30,,0.16410765034618247,
1925-07-31,,0.21355236139630374,
1925-08-31,,0.1507522661433509,
1925-09-30,,0.09708054236553698,
1925-10-31,,0.11374733390915015,
1925-11-30,,0.11628550669480675,
1925-12-31,,0.09954560753954889,
1926-01-31,,0.04823659913216538,
1926-02-28,,0.04823659913216538,
1926-03-31,,0.061400933085380416,
1926-04-30,,0.05218389689354597,
1926-05-31,,0.04802585632846634,
1926-06-30,,0.07048645814559329,
1926-07-31,,0.04721769945407517,
1926-08-31,,0.07859219437722298,
1926-09-30,,0.11062471200052659,
1926-10-31,,0.06808685743226128,
1926-11-30,,0.041671832382841556,
1926-12-31,,0.024688145710568543,
1927-01-31,,0.03766009430585604,
1927-02-28,,0.046032462378810646,
1927-03-31,,0.045446162358220965,
1927-04-30,,0.020655949343743263,
1927-05-31,,0.03750309942970498,
1927-06-30,,0.020570903803474483,
1927-07-31,,0.004085116761173291,
1927-08-31,,-0.008101189579882484,
1927-09-30,,-0.039845301247666054,
1927-10-31,,-0.059760542927421945,
1927-11-30,,-0.05599773866730151,
1927-12-31,,-0.048186652327179225,
1928-01-31,,-0.024190524752920828,
1928-02-29,,-0.02399690554472833,
1928-03-31,,-0.02766711259426957,
1928-04-30,,-0.008101189579882484,
1928-05-31,,-0.004018043854932096,
1928-06-30,,0.008068507326144614,
1928-07-31,,0.03265423852319649,
1928-08-31,,0.05307262569832405,
1928-09-30,,0.07883081006836723,
1928-10-31,,0.12287835090539456,
1928-11-30,,0.14405938253510486,
1928-12-31,,0.16032139606415363,
1929-01-31,,0.15289091076752848,
1929-02-28,,0.13933601609657953,
1929-03-31,,0.1341527947868948,
1929-04-30,,0.15918751518095697,
1929-05-31,,0.16532941405839918,
1929-06-30,,0.16399125221298183,
1929-07-31,,0.16601737647560388,
1929-08-31,,0.13177545842463378,
1929-09-30,,0.1153994707102497,
1929-10-31,,0.07546666666666657,
1929-11-30,,0.0037055404027881433,
1929-12-31,,-0.05817035894938993,
1930-01-31,,-0.07167995307542596,
1930-02-28,,-0.07193792226904816,
1930-03-31,,-0.08960993947796414,
1930-04-30,,-0.11266664920506031,
1930-05-31,,-0.14187354413600495,
1930-06-30,,-0.17181748466257662,
1930-07-31,,-0.22034646225225674,
1930-08-31,,-0.22945140047637846,
1930-09-30,,-0.23793156517724312,
1930-10-31,,-0.2456183851644982,
1930-11-30,,-0.22509366894034,
1930-12-31,,-0.20849548372273363,
1931-01-31,,-0.2123583727041659,
1931-02-28,,-0.2054261330873025,
1931-03-31,,-0.17716570022843092,
1931-04-30,,-0.1666740461958527,
1931-05-31,,-0.16531441683288595,
1931-06-30,,-0.16182847971356706,
1931-07-31,,-0.13476932033182942,
1931-08-31,,-0.14667327878337044,
1931-09-30,,-0.17194547290474593,
1931-10-31,,-0.18138255544407156,
1931-11-30,,-0.17142502922319436,
1931-12-31,,-0.15610145506005302,
1932-01-31,,-0.1764662983828328,
1932-02-29,,-0.20000725715737155,
1932-03-31,,-0.22488566191518522,
1932-04-30,,-0.2809500194821296,
1932-05-31,,-0.29468520914187146,
1932-06-30,,-0.30198302369685703,
1932-07-31,,-0.3115596673208112,
1932-08-31,,-0.2656231839138352,
1932-09-30,,-0.18033453244720843,
1932-10-31,,-0.11933391094862755,
1932-11-30,,-0.10920633563473914,
1932-12-31,,-0.12138280947671665,
1933-01-31,,-0.11310604383440348,
1933-02-28,,-0.08536308794847358,
1933-03-31,,-0.12962622830379278,
1933-04-30,,0.0,
1933-05-31,,0.20547700929817858,
1933-06-30,,0.4397256660511739,
1933-07-31,,0.6204153658205511,
1933-08-31,,0.5106568187813241,
1933-09-30,,0.3399950409124721,
1933-10-31,,0.2322791188750779,
1933-11-30,,0.16129961126841685,
1933-12-31,,0.19078496623274943,
1934-01-31,,0.25503606999326034,
1934-02-28,,0.3066699727250184,
1934-03-31,,0.4539171722500659,
1934-04-30,,0.3576196458040839,
1934-05-31,,0.18748547156653483,
1934-06-30,,0.009857090509344024,
1934-07-31,,-0.13962605548854046,
1934-08-31,,-0.11267876163369361,
1934-09-30,,-0.11442951778246557,
1934-10-31,,-0.026190754371616665,
1934-11-30,,0.04444582196875779,
1934-12-31,,0.1049624987157094,
1935-01-31,,0.15507776761207692,
1935-02-28,,0.12245246498918361,
1935-03-31,,0.06828985086541617,
1935-04-30,,0.04876809753619504,
1935-05-31,,0.02870464292705499,
1935-06-30,,0.06340941253311083,
1935-07-31,,0.14135218288740892,
1935-08-31,,0.19576511335012592,
1935-09-30,,0.3033766559404907,
1935-10-31,,0.2849487092323384,
1935-11-30,,0.2978811798919816,
1935-12-31,,0.2350064158592602,
1936-01-31,,0.12501076194575989,
1936-02-29,,0.07727680005409887,
1936-03-31,,0.09588668863150018,
1936-04-30,,0.18605335086323227,
1936-05-31,,0.20930353250527634,
1936-06-30,,0.21560063467148938,
1936-07-31,,0.23853070138024002,
1936-08-31,,0.2123954973339479,
1936-09-30,,0.2025906984946375,
1936-10-31,,0.1840987254703621,
1936-11-30,,0.19261020669471374,
1936-12-31,,0.21457611805451005,
1937-01-31,,0.23044310094130238,
1937-02-28,,0.2784752518753333,
1937-03-31,,0.29167183238284156,
1937-04-30,,0.21569113636032133,
1937-05-31,,0.1961662255918748,
1937-06-30,,0.158484210526316,
1937-07-31,,0.14444719949307094,
1937-08-31,,0.12042893986697445,
1937-09-30,,0.06452128935931967,
1937-10-31,,-0.02826952647557468,
1937-11-30,,-0.1477632924335378,
1937-12-31,,-0.24666501363749083,
1938-01-31,,-0.2608625343632993,
1938-02-28,,-0.2772288165760368,
1938-03-31,,-0.2935488128231891,
1938-04-30,,-0.3064583858234652,
1938-05-31,,-0.3247626109210936,
1938-06-30,,-0.30944246565384903,
1938-07-31,,-0.2750842561386615,
1938-08-31,,-0.2312640837391874,
1938-09-30,,-0.18181932025947356,
1938-10-31,,-0.0945386675322567,
1938-11-30,,0.04436179306828225,
1938-12-31,,0.15928839444407883,
1939-01-31,,0.18550992931672838,
1939-02-28,,0.20547875411840621,
1939-03-31,,0.21004721307020824,
1939-04-30,,0.2279175172127461,
1939-05-31,,0.25238213311607804,
1939-06-30,,0.268859649122807,
1939-07-31,,0.23660877361936716,
1939-08-31,,0.19067656375585074,
1939-09-30,,0.22632585903420832,
1939-10-31,,0.2570203740216288,
1939-11-30,,0.2393698752100175,
1939-12-31,,0.22518916003009526,
1940-01-31,,0.20992859475036552,
1940-02-29,,0.16287457206858202,
1940-03-31,,0.13207017543859667,
1940-04-30,,0.15908482551668768,
1940-05-31,,0.19771750197986204,
1940-06-30,,0.2081852748012445,
1940-07-31,,0.18772490466727532,
1940-08-31,,0.17793043202033032,
1940-09-30,,0.13423279498764384,
1940-10-31,,0.09584694908205083,
1940-11-30,,0.09345816049869082,
1940-12-31,,0.1308483767061388,
1941-01-31,,0.17350494538372185,
1941-02-28,,0.24755881854086392,
1941-03-31,,0.31667493181254636,
1941-04-30,,0.294118362038579,
1941-05-31,,0.3142880757559656,
1941-06-30,,0.28307889496692673,
1941-07-31,,0.2826797200899871,
1941-08-31,,0.2900275296364965,
1941-09-30,,0.2633119491180387,
1941-10-31,,0.2565684605458629,
1941-11-30,,0.2336286186580765,
1941-12-31,,0.2121230750315064,
1942-01-31,,0.20698067367200257,
1942-02-28,,0.19321006836544452,
1942-03-31,,0.16961856068095993,
1942-04-30,,0.1338392613951218,
1942-05-31,,0.08695456873085328,
1942-06-30,,0.08153017356713455,
1942-07-31,,0.09478944492429187,
1942-08-31,,0.11475881051512982,
1942-09-30,,0.1405153040781839,
1942-10-31,,0.1670492397438772,
1942-11-30,,0.18937467789039686,
1942-12-31,,0.19772277729877774,
1943-01-31,,0.18485599025852983,
1943-02-28,,0.19474737938667874,
1943-03-31,,0.1904731236465218,
1943-04-30,,0.2405381002476783,
1943-05-31,,0.2466650136374906,
1943-06-30,,0.23725249259848757,
1943-07-31,,0.2445880998575074,
1943-08-31,,0.2331908642689149,
1943-09-30,,0.23614229635399964,
1943-10-31,,0.21471458148476796,
1943-11-30,,0.20193981237406744,
1943-12-31,,0.15939390089842131,
1944-01-31,,0.1616574732411893,
1944-02-29,,0.14102764967541082,
1944-03-31,,0.13090609087282012,
1944-04-30,,0.1166941552761438,
1944-05-31,,0.10160839068114624,
1944-06-30,,0.1039405977550858,
1944-07-31,,0.06956060517855867,
1944-08-31,,0.06132741961032773,
1944-09-30,,0.028240803667412218,
1944-10-31,,0.016368594699229355,
1944-11-30,,-0.004848914552151418,
1944-12-31,,0.004906317340118704,
1945-01-31,,-0.01618319691863257,
1945-02-28,,-0.027282930556882246,
1945-03-31,,-0.03215236045086256,
1945-04-30,,-0.049834065835500985,
1945-05-31,,-0.06957751564756864,
1945-06-30,,-0.08766347465916369,
1945-07-31,,-0.10731586363718826,
1945-08-31,,-0.21026960550195806,
1945-09-30,,-0.2762499324036076,
1945-10-31,,-0.30756975929375274,
1945-11-30,,-0.2759717911871611,
1945-12-31,,-0.27035327469651826,
1946-01-31,,-0.30427415260199053,
1946-02-28,,-0.33663323799820777,
1946-03-31,,-0.2624584512350332,
1946-04-30,,-0.26227021856375987,
1946-05-31,,-0.26956836719513055,
1946-06-30,,-0.20640225541518042,
1946-07-31,,-0.16028941520784779,
1946-08-31,,-0.02845414754730391,
1946-09-30,,0.0870463998406017,
1946-10-31,,0.1534861996488286,
1946-11-30,,0.11883417420672959,
1946-12-31,,0.12052833885415892,
1947-01-31,,0.20094785062999532,
1947-02-28,,0.2711384558449368,
1947-03-31,,0.15766018579793428,
1947-04-30,,0.16972344019244878,
1947-05-31,,0.21904998051787028,
1947-06-30,,0.14797981903848556,
1947-07-31,,0.10411624229515604,
1947-08-31,,0.07112567013437698,
1947-09-30,,0.05955490384762263,
1947-10-31,,0.05040567495013404,
1947-11-30,,0.05811500763984645,
1947-12-31,,0.055782353246252914,
1948-01-31,,0.04920745323424969,
1948-02-29,,0.04501022628847595,
1948-03-31,,0.027236284171985092,0.026115130887197857
1948-04-30,,0.03725879144119837,
1948-05-31,,0.0507845416242918,
1948-06-30,,0.06445590585500516,0.04584425869542463
1948-07-31,,0.07073283011698694,
1948-08-31,,0.060547726282144554,
1948-09-30,,0.04456665897820322,0.054012277484404736
1948-10-31,,0.04222587093089669,
1948-11-30,,0.015151942069004498,
1948-12-31,,0.0018807017543860383,0.03893671831519563
1949-01-31,,-0.013132736940532852,
1949-02-28,,-0.024342678042834853,
1949-03-31,,-0.032198757413955725,0.009432142598815307
1949-04-30,,-0.03969598751327075,
1949-05-31,,-0.06877933785456025,
1949-06-30,,-0.08256843168433048,-0.010349235073725427
1949-07-31,,-0.08440419564193735,
1949-08-31,,-0.0718243775471763,
1949-09-30,,-0.055651777889717646,-0.005828532996763891
1949-10-31,,-0.09760608240008228,
1949-11-30,,-0.06156974041203789,
1949-12-31,,-0.03577832567522132,-0.015273316105121282
1950-01-31,,-0.009503337481615692,
1950-02-28,,0.003840662478583612,
1950-03-31,,0.056750442168701065,0.03772856329620344
1950-04-30,,0.09842222791668198,
1950-05-31,,0.13972324093183475,
1950-06-30,,0.17599714357974916,0.07303357820771827
1950-07-31,,0.21642753326128283,
1950-08-31,,0.24206510268690629,
1950-09-30,,0.22199570345039255,0.1031016190305496
1950-10-31,,0.27755133022126066,
1950-11-30,,0.24254658385093197,
1950-12-31,,0.24219090512857777,0.1337239384907627
1951-01-31,,0.2245645345516849,
1951-02-28,,0.22753132600378323,
1951-03-31,,0.19444444444444442,0.10564876919352262
1951-04-30,,0.15770389527288242,
1951-05-31,,0.1278505500804441,
1951-06-30,,0.09013624805495479,0.09149921288242213
1951-07-31,,0.03953995661817866,
1951-08-31,,-0.0015982318446208232,
1951-09-30,,0.01125960474780996,0.07252998354921925
1951-10-31,,0.0031964636892418685,
1951-11-30,,0.012800371335737415,
1951-12-31,,0.0015672514619882172,0.054681632720046114
1952-01-31,,0.009403219130566631,
1952-02-29,,0.00934460324541031,
1952-03-31,,0.0077557822383937935,0.05165331710079579
1952-04-30,,-0.003097508175579189,
1952-05-31,,-0.00932134379818772,
1952-06-30,,-0.01404168407371309,0.035962738991806464
1952-07-31,,-0.01426424213845734,
1952-08-31,,0.05919948584282486,
1952-09-30,,0.09061720219018676,0.022373637292217197
1952-10-31,,0.10350076103500783,
1952-11-30,,0.11690257531155801,
1952-12-31,,0.11616881145339475,0.05364084180388229
1953-01-31,,0.10714409471556463,
1953-02-28,,0.10648238494828566,
1953-03-31,,0.11230573802384924,0.06189877102033248
1953-04-30,,0.12733468091250355,
1953-05-31,,0.1442021254889616,
1953-06-30,,0.15031425813893273,0.06781988440997866
1953-07-31,,0.1832810117499326,
1953-08-31,,0.105741895612113,
1953-09-30,,0.0451901129346195,0.05420994313817573
1953-10-31,,0.025976116999865795,
1953-11-30,,-0.018386124394362602,
1953-12-31,,-0.04781758071603426,0.005240615047921171
1954-01-31,,-0.057500704218005017,
1954-02-28,,-0.05997053605701885,
1954-03-31,,-0.07330586292575281,-0.017819250203068182
1954-04-30,,-0.08264428938821089,
1954-05-31,,-0.08219164123440326,
1954-06-30,,-0.07564998516366017,-0.024287768660382403
1954-07-31,,-0.08559473636336068,
1954-08-31,,-0.08196696322868124,
1954-09-30,,-0.06136592349749448,-0.007683311027168682
1954-10-31,,-0.04219391625035962,
1954-11-30,,-0.0028832652711234807,
1954-12-31,,0.03545156381336412,0.02728619424977574
1955-01-31,,0.06696406333884952,
1955-02-28,,0.07715059845378747,
1955-03-31,,0.10895354194769657,0.061701987071522746
1955-04-30,,0.12912557381077372,
1955-05-31,,0.14029565729067794,
1955-06-30,,0.1383946114379644,0.07780241231188367
1955-07-31,,0.14561642018701515,
1955-08-31,,0.14583321802755145,
1955-09-30,,0.1515573534938215,0.08015915391937867
1955-10-31,,0.15711718796934981,
1955-11-30,,0.1416186524487253,
1955-12-31,,0.13124217406990812,0.06579017260658704
1956-01-31,,0.11296932222556522,
1956-02-29,,0.08952960583612524,
1956-03-31,,0.0646049417324095,0.03216953692895719
1956-04-30,,0.05984034660810722,
1956-05-31,,0.0340337075369741,
1956-06-30,,0.023526380272651082,0.02403458081833021
1956-07-31,,-0.015567036667197387,
1956-08-31,,0.025972332244913687,
1956-09-30,,0.04258249668861458,0.009479719442729406
1956-10-31,,0.03426678057460597,
1956-11-30,,0.02278665756455811,
1956-12-31,,0.034045926120481074,0.019968256280694208
1957-01-31,,0.023811965174593164,
1957-02-28,,0.04298597853992492,
1957-03-31,,0.041721131873195594,0.030497555743857596
1957-04-30,,0.020075879544722675,
1957-05-31,,0.025314846637320088,
1957-06-30,,0.03703633332224987,0.01980981609533239
1957-07-31,,0.07641985593178813,
1957-08-31,,0.03417998634683728,
1957-09-30,,0.002476466662063581,0.030727752848411116
1957-10-31,,-0.020860049195215558,
1957-11-30,,-0.03589035420838216,
1957-12-31,,-0.0682946963546226,0.003546985657322921
1958-01-31,,-0.08201124439487406,
1958-02-28,,-0.11030313412918813,
1958-03-31,,-0.12014606381490156,-0.028722901975747894
1958-04-30,,-0.12300252986197835,
1958-05-31,,-0.11111111111111105,
1958-06-30,,-0.0899001465738366,-0.02019544786757199
1958-07-31,,-0.08201124439487406,
1958-08-31,,-0.06365146928277143,
1958-09-30,,-0.046913670947686614,-0.007259560645533125
1958-10-31,,-0.021304461306139166,
1958-11-30,,0.03208911042358964,
1958-12-31,,0.05366722813440172,0.026573288629399228
1959-01-31,,0.08933796181502607,
1959-02-28,,0.13487273814409995,
1959-03-31,,0.16551667530228964,0.07415106238167812
1959-04-30,,0.21037860846522194,
1959-05-31,,0.21667079923960664,
1959-06-30,,0.1867403481753258,0.09118833932250614
1959-07-31,,0.14133399454500384,
1959-08-31,,0.08104704812745811,
1959-09-30,,0.0699440178063846,0.06726222850606911
1959-10-31,,0.04993690025478004,
1959-11-30,,0.02612307962751359,
1959-12-31,,0.0882007780519134,0.04584935628476705
1960-01-31,,0.10036646712038788,
1960-02-29,,0.06963110472125233,
1960-03-31,,0.04497057567794771,0.0492379619042107
1960-04-30,,0.015066887325886125,
1960-05-31,,-0.0011421147379505614,
1960-06-30,,-0.01482631246368693,0.020590973393856515
1960-07-31,,0.005844014772974138,
1960-08-31,,0.03990501589814399,
1960-09-30,,0.03026782658813776,0.02487655452956039
1960-10-31,,0.03658531053970804,
1960-11-30,,0.015756302521008347,
1960-12-31,,-0.06164447539146101,0.008851013654155082
1961-01-31,-0.021175965715156786,-0.0845386244787184,
1961-02-28,-0.016425473631491605,-0.0774416536915441,
1961-03-31,-0.010247369928560235,-0.0634219283096753,-0.006675232238545603
1961-04-30,-0.003545728071060017,-0.036530688495635455,
1961-05-31,0.002910068950228162,-0.020573070530776838,
1961-06-30,0.008803264953200163,0.005789901894524663,0.015657846818091237
1961-07-31,0.01407701477053691,0.020903259249659856,
1961-08-31,0.018680415057166666,0.0313935284094351,
1961-09-30,0.0225731657905639,0.041130914399097884,0.030115335873595495
1961-10-31,0.025465520871762237,0.06235314194200514,
1961-11-30,0.02709660980693407,0.09426969832808885,
1961-12-31,0.02701089664500067,0.1253025894873061,0.06397498989994466
1962-01-31,0.024963336514550738,0.1142137944124586,
1962-02-28,0.020945904349885858,0.1338180798067048,
1962-03-31,0.015135101620890934,0.1330137214249416,0.07569160858836588
1962-04-30,0.008269630898984914,0.11255750824064448,
1962-05-31,0.001349361456246756,0.09451477525724883,
1962-06-30,-0.004865885310113338,0.07709954375422656,0.06730272632782075
1962-07-31,-0.009744597009836764,0.0750844144304248,
1962-08-31,-0.013162973331067196,0.06651571377654775,
1962-09-30,-0.015037909976499564,0.07449090535100344,0.060068727611334305
1962-10-31,-0.015484327734633263,0.055373640269042346,
1962-11-30,-0.014721277670990407,0.04362180644166913,
1962-12-31,-0.012939997729901398,0.03459562046143572,0.043098468185995165
1963-01-31,-0.01034297175842136,0.05125511557446538,
1963-02-28,-0.007264832910744756,0.046140216454362726,
1963-03-31,-0.00379451458737623,0.04695767458291811,0.03601109802250946
1963-04-30,-0.00018705957954323615,0.05431622475897746,
1963-05-31,0.0030242572060550366,0.06823237389818271,
1963-06-30,0.005422020822340778,0.07371850909957889,0.03824586006509767
1963-07-31,0.00677217286000964,0.0592610959583435,
1963-08-31,0.007227180289942625,0.060256027175366045,
1963-09-30,0.007019779396775672,0.06407201068908663,0.04818697418135365
1963-10-31,0.00623838332552662,0.07030374935117134,
1963-11-30,0.0050053474836910805,0.07105547480431862,
1963-12-31,0.0037570459675186907,0.06896457913923504,0.05159809846807195
1964-01-31,0.0028753002128640848,0.07053953115113343,
1964-02-29,0.0023384690599592695,0.06563899506381943,
1964-03-31,0.00216120079308868,0.05912215317771152,0.06217339646105979
1964-04-30,0.0022861851525239896,0.06666566483456626,
1964-05-31,0.0027852627156546017,0.05988010615987083,
1964-06-30,0.003653433144224394,0.059701271594155614,0.061823135983265054
1964-07-31,0.004660804438031629,0.07093068188573826,
1964-08-31,0.005492517848775469,0.0757729703271357,
1964-09-30,0.006121427278424463,0.06910288513081864,0.05521285465939152
1964-10-31,0.006637811192909515,0.047056464110558194,
1964-11-30,0.0072343691352370065,0.0741466459111213,
1964-12-31,0.007710879561548811,0.08895441209084853,0.05157812790498717
1965-01-31,0.007752015439879356,0.09108339249867559,
1965-02-28,0.007377735049027168,0.0904733437621934,
1965-03-31,0.006538229681195329,0.10491027481358706,0.05478300000024183
1965-04-30,0.005295264463965665,0.09185556698271369,
1965-05-31,0.0038811562160920854,0.09416292809688409,
1965-06-30,0.002595060097636548,0.09953063448160271,0.056602749084340376
1965-07-31,0.0018078484665444705,0.1026104515206816,
1965-08-31,0.0017686245164414416,0.10009031119445178,
1965-09-30,0.0023479702546578274,0.09880041073826429,0.06347484807761239
1965-10-31,0.003388973219139446,0.12547100818387613,
1965-11-30,0.004503700166359925,0.0962763028548459,
1965-12-31,0.005422563981932749,0.0969490982178034,0.0846227065873435
1966-01-31,0.005941802593463441,0.09591602145707245,
1966-02-28,0.005832101209368279,0.09620289731376408,
1966-03-31,0.004978088989300078,0.09668891336745933,0.08477019498128313
1966-04-30,0.0034325956807914615,0.09366975909988273,
1966-05-31,0.001249019362488779,0.09552403144444721,
1966-06-30,-0.001321370490757201,0.0922266265198004,0.07489340026826796
1966-07-31,-0.004347681380112989,0.08798587795507262,
1966-08-31,-0.00782562243966467,0.08424697237932599,
1966-09-30,-0.011767689587946939,0.09159811471720758,0.060421085314855016
1966-10-31,-0.016112760476648558,0.08818332874351364,
1966-11-30,-0.020504206478499376,0.07621955916837941,
1966-12-31,-0.024421783782752615,0.06546524793338127,0.045044028974827954
1967-01-31,-0.027248351253059133,0.06008161985882299,
1967-02-28,-0.028433660367588653,0.04130768747024094,
1967-03-31,-0.027491013597294,0.0214561718620756,0.02925069232407873
1967-04-30,-0.0243992820833695,0.029453578022781812,
1967-05-31,-0.01947363457810014,0.010854067572779291,
1967-06-30,-0.013640088678502083,0.005987536386133474,0.026377377135773372
1967-07-31,-0.007498172830016969,-0.0017671063705486656,
1967-08-31,-0.0015226661826940324,0.016567831876820538,
1967-09-30,0.003952109447050489,0.005540301037339157,0.027387436004856935
1967-10-31,0.00886208960793855,0.006756180369542619,
1967-11-30,0.01304272583674293,0.02823127888265975,
1967-12-31,0.016309328355272656,0.036907431477011254,0.026709272243796267
1968-01-31,0.01838908663402905,0.030931205859273003,
1968-02-29,0.019382426571117106,0.04649336979872154,
1968-03-31,0.019185096134341162,0.055710926722330356,0.038448152772550426
1968-04-30,0.0178653641080615,0.047360097184180106,
1968-05-31,0.015625182326006515,0.06843110788680362,
1968-06-30,0.013033623528411198,0.07248944903740528,0.05514676233925897
1968-07-31,0.010580369356821606,0.07328944928611159,
1968-08-31,0.008677445863237487,0.056051625374895275,
1968-09-30,0.007609620787079718,0.061774973376538256,0.053353544503060624
1968-10-31,0.007043017969588838,0.055288176379874265,
1968-11-30,0.006502199313643153,0.053865303326483316,
1968-12-31,0.005793944880740254,0.045930272600796185,0.049578561546840705
1969-01-31,0.004992207732093412,0.05339014603069536,
1969-02-28,0.00389716521333372,0.056346078803167776,
1969-03-31,0.0024106611955667656,0.06131550831438504,0.04469434131486105
1969-04-30,0.00044047308660100093,0.05588442873634292,
1969-05-31,-0.002034344914288777,0.040223557386672715,
1969-06-30,-0.004739492771196785,0.04654234172558125,0.03064780019887059
1969-07-31,-0.007479257116365434,0.05368094847319993,
1969-08-31,-0.010271719405135826,0.053162737360087364,
1969-09-30,-0.013317383678505879,0.04895290555634535,0.02947610114439625
1969-10-31,-0.016496410730860944,0.047183168330081404,
1969-11-30,-0.019483853570706366,0.024065824309970285,
1969-12-31,-0.022147585940903936,0.018103182609566115,0.020442073487201062
1970-01-31,-0.024460081222244967,-0.006759976332228579,
1970-02-28,-0.026191393448608324,-0.013725357572099695,
1970-03-31,-0.027157121802039552,-0.022668373720999835,0.003227914619529093
1970-04-30,-0.027130591224979073,-0.021583628464171167,
1970-05-31,-0.025893481251828443,-0.019015520326218116,
1970-06-30,-0.02390298517510514,-0.03164943276201748,0.001611246078731865
1970-07-31,-0.021726739699208575,-0.03436800278735652,
1970-08-31,-0.01952673730304122,-0.03829962349609317,
1970-09-30,-0.01693866139757705,-0.04471254758489862,0.004213436808757853
1970-10-31,-0.013360517941793493,-0.06409836987358719,
1970-11-30,-0.00826745114358618,-0.0609154475320588,
1970-12-31,-0.0016839651274608292,-0.036762993816780054,-0.0016735247777361906
1971-01-31,0.00558614268770552,-0.011039296521619835,
1971-02-28,0.012396947887608922,-0.012273094149112929,
1971-03-31,0.01793287781725006,-0.0120619074030055,0.02697158764619889
1971-04-30,0.021900292005254007,-0.00395068527972553,
1971-05-31,0.024109916184211322,0.002271907872412493,
1971-06-30,0.024924171064835132,0.009739465313460816,0.031064413232145816
1971-07-31,0.02499082574106004,0.004343108200966395,
1971-08-31,0.024798311716084154,0.0002976767921074597,
1971-09-30,0.024598096278381387,0.023610077772484583,0.03005276944871249
1971-10-31,0.024395702351242,0.0523241365561653,
1971-11-30,0.02396003157039095,0.0632293020406034,
1971-12-31,0.02320224553999095,0.05135636012032663,0.04365553188952087
1972-01-31,0.022242226808709464,0.0683371359119791,
1972-02-29,0.021393853915873784,0.08113088132796031,
1972-03-31,0.020880404190117607,0.0899714753931824,0.0347250606627687
1972-04-30,0.020763238881712276,0.09462628002679674,
1972-05-31,0.02116466823217178,0.08918647985970973,
1972-06-30,0.022049105850688866,0.08746292716076054,0.05251377703035898
1972-07-31,0.023364413829451536,0.08960101015437605,
1972-08-31,0.02491720195368874,0.1111013686400486,
1972-09-30,0.026097227469531248,0.1017031133979649,0.05378364037294192
1972-10-31,0.026285536004251542,0.10761173927373036,
1972-11-30,0.02512169100882722,0.11593543752293423,
1972-12-31,0.022477884166665074,0.11559596465367683,0.06891806086097496
1973-01-31,0.018805917284169915,0.09742704385726375,
1973-02-28,0.014561679380780124,0.10232184759787577,
1973-03-31,0.010019968149001635,0.09497005283063298,0.07561184799549903
1973-04-30,0.005295513279286457,0.08262114489300787,
1973-05-31,0.0004976704625838657,0.08969091191669576,
1973-06-30,-0.004217300330846663,0.08817673616493571,0.06319553786409782
1973-07-31,-0.008832809466735592,0.09320807321655855,
1973-08-31,-0.013352522579268,0.07683901160524464,
1973-09-30,-0.017461967027641134,0.07721625630376727,0.047713493752379765
1973-10-31,-0.02101071397614085,0.0720139829336981,
1973-11-30,-0.024167359089807494,0.06430189098689798,
1973-12-31,-0.026789259950109945,0.04953399436671324,0.04024055261813664
1974-01-31,-0.028598811982938566,0.035062313298808157,
1974-02-28,-0.02974215991191631,0.017269620749537973,
1974-03-31,-0.03037571536317718,0.01672792923557309,0.006389984128199799
1974-04-30,-0.03079623931445541,0.01514427552666242,
1974-05-31,-0.031264311735873296,0.016622616028489468,
1974-06-30,-0.03207390052074577,0.013544224061753596,-0.0020826169490241186
1974-07-31,-0.033436405555892335,0.011698279743014739,
1974-08-31,-0.035521785708506504,0.002456113078913136,
1974-09-30,-0.038363768178868884,-0.00536888207405839,-0.006290398324048763
1974-10-31,-0.04134237351242942,-0.016346040363507508,
1974-11-30,-0.04363820500225102,-0.05305413767444289,
1974-12-31,-0.04449925367113028,-0.08454554777110357,-0.019457634317057715
1975-01-31,-0.043457975395312376,-0.09121738118195366,
1975-02-28,-0.040366250334288645,-0.1093986105175977,
1975-03-31,-0.03530917305845982,-0.11894066405673409,-0.022997714710448536
1975-04-30,-0.028419595961193145,-0.11462223498994539,
1975-05-31,-0.020308377836744218,-0.12421276455823838,
1975-06-30,-0.011471898400989389,-0.11706276874695298,-0.018348424207727088
1975-07-31,-0.0022900067273904368,-0.10962174153214854,
1975-08-31,0.006988915304432908,-0.09128488229130438,
1975-09-30,0.016248741162601776,-0.07962567141037713,0.007986153897486803
1975-10-31,0.025086929267314373,-0.07278980942668034,
1975-11-30,0.03314327980104648,-0.039841735941657186,
1975-12-31,0.03980575413934617,0.009426272487201182,0.025547951202428143
1976-01-31,0.044293454443371516,0.03725052324260569,
1976-02-29,0.04627422808104775,0.072101840882278,
1976-03-31,0.04574912276408072,0.08620995751639704,0.06154303273356643
1976-04-30,0.04307825225771045,0.08960714820546078,
1976-05-31,0.03903185798913311,0.09736409350196862,
1976-06-30,0.03431387947265252,0.09163808391514472,0.06173984642335095
1976-07-31,0.02944223286818448,0.08651433945448783,
1976-08-31,0.024804433974332962,0.08329757876568733,
1976-09-30,0.020676701569197098,0.07297256970682953,0.0495825690072933
1976-10-31,0.017159203172770976,0.0680656501391077,
1976-11-30,0.014341701031956422,0.08294446757697149,
1976-12-31,0.012090330967369667,0.08003031683930417,0.043115159923227786
1977-01-31,0.010273264169158303,0.05851637661674958,
1977-02-28,0.009055223093428877,0.0645720916605339,
1977-03-31,0.008475469410267333,0.0757787824933931,0.032268394403294653
1977-04-30,0.008229251370104773,0.080900307401927,
1977-05-31,0.008130463570845903,0.08462205191368999,
1977-06-30,0.007941144536551592,0.09173783071917452,0.044653042962939926
1977-07-31,0.007554764314249507,0.08711207990428882,
1977-08-31,0.0070134161922286165,0.08077223413663748,
1977-09-30,0.006303003849930988,0.08148741275053384,0.05769993106834703
1977-10-31,0.005354673292170098,0.08355937869497221,
1977-11-30,0.00396791825931353,0.06912050346596899,
1977-12-31,0.0022551482916683963,0.05958830139346172,0.050132712216701014
1978-01-31,0.000590870282089595,0.05131269907306524,
1978-02-28,-0.0007204616593290414,0.040766351940259016,
1978-03-31,-0.0011470605471535222,0.04738783772795174,0.041141118093148465
1978-04-30,-0.0006631658179553357,0.0578918369076884,
1978-05-31,0.0003826497067109802,0.05484942799461656,
1978-06-30,0.001610636270268584,0.05357556531811203,0.06077933225596155
1978-07-31,0.00270471116761839,0.05146392147953294,
1978-08-31,0.003393277992141508,0.054688443487567406,
1978-09-30,0.0034538338933076673,0.052978250815568506,0.052470330832419476
1978-10-31,0.002805815714131743,0.0594243710529041,
1978-11-30,0.0016265861610116339,0.06564177395452475,
1978-12-31,0.00018749710228949112,0.06906426727793025,0.06659559719611163
1979-01-31,-0.0013467013307248976,0.07905084547030605,
1979-02-28,-0.0032259084235658486,0.07854523800104518,
1979-03-31,-0.006012896599776663,0.06146582246929766,0.06510448393675339
1979-04-30,-0.009566215123791744,0.02832944042243768,
1979-05-31,-0.013309109290170706,0.032535755439571545,
1979-06-30,-0.016770265160718778,0.02601886590627278,0.026566953584967523
1979-07-31,-0.0196308280220856,0.025095943417171584,
1979-08-31,-0.021711750798529494,0.0142834298394372,
1979-09-30,-0.02312115019903216,0.011850926881534107,0.02389453450707335
1979-10-31,-0.024099628724610245,0.01098213814548643,
1979-11-30,-0.024853510931686973,0.0016292267767299418,
1979-12-31,-0.02563959066197663,-0.0026826053308579567,0.01284088156938723
1980-01-31,-0.02670640691435011,0.008122493252276763,
1980-02-29,-0.028052125441051956,0.003445985860839995,
1980-03-31,-0.029050846915523065,-0.0038091095268157904,0.01420553641544986
1980-04-30,-0.02849226986013742,-0.011631667121206335,
1980-05-31,-0.02570848218398536,-0.04445070879398827,
1980-06-30,-0.020481681018629794,-0.05686914651875341,-0.0077506874396774394
1980-07-31,-0.013548218778557053,-0.06212629852801277,
1980-08-31,-0.006147186102838931,-0.05296574705215995,
1980-09-30,0.0005748438593389249,-0.03710819264960352,-0.01623745716089553
1980-10-31,0.005899053715450853,-0.031552309441140625,
1980-11-30,0.009605621532386754,-0.013769746447672704,
1980-12-31,0.01203420724908244,-0.00797077190123896,-0.00039051531488198954
1981-01-31,0.013860258315873786,-0.019424688910488985,
1981-02-28,0.015708901250467866,-0.023946715815760244,
1981-03-31,0.01743739843390446,-0.014767227304783082,0.016000011986558205
1981-04-30,0.017616531519970335,0.0008100613163199988,
1981-05-31,0.0151115901984058,0.0318589614063447,
1981-06-30,0.009767480801412098,0.050869489565101844,0.029686706612209957
1981-07-31,0.0026019458894606107,0.06525607374890985,
1981-08-31,-0.0051364253761521095,0.060620198374692125,
1981-09-30,-0.012401342813106564,0.03810567299470158,0.04325718700878034
1981-10-31,-0.018221348515637725,0.017235356235290267,
1981-11-30,-0.02221847346725414,-0.01114643115895797,
1981-12-31,-0.02459646548165484,-0.02821256076341483,0.012998250196119887
1982-01-31,-0.026152659983350368,-0.042151091464767254,
1982-02-28,-0.02751204606578639,-0.018508590035716255,
1982-03-31,-0.02863491203089752,-0.030067343632947607,-0.02190515056799669
1982-04-30,-0.02882809774769579,-0.03487337035724136,
1982-05-31,-0.027676640832511867,-0.046768246234826116,
1982-06-30,-0.02524512636734355,-0.05420420566664397,-0.010107452377141501
1982-07-31,-0.021928610713648156,-0.06346124812734444,
1982-08-31,-0.017885336468179025,-0.07083435875275412,
1982-09-30,-0.012881267471691604,-0.06867993309017828,-0.025560417516138023
1982-10-31,-0.007077242319037946,-0.0704990963163854,
1982-11-30,-0.000554862536590317,-0.06251762192385746,
1982-12-31,0.006545680792850783,-0.058982578621023296,-0.014431837563933958
1983-01-31,0.014229821769734974,-0.021492728170679487,
1983-02-28,0.022433047523669813,-0.046981375340903075,
1983-03-31,0.030597877813710816,-0.032499646171576524,0.014314731652409485
1983-04-30,0.03795325851324627,-0.011347312231672069,
1983-05-31,0.04398638848491654,0.001557158821982485,
1983-06-30,0.048313248913790074,0.010230078944820864,0.03268479687025838
1983-07-31,0.050891494173407326,0.028756311239431342,
1983-08-31,0.051863050213615036,0.05053650194475434,
1983-09-30,0.0513885337703226,0.06841913778755404,0.05736967079109201
1983-10-31,0.04961271825559055,0.08727219754420923,
1983-11-30,0.046494152594021454,0.09556749154925992,
1983-12-31,0.041987753549240336,0.10897893971164496,0.07899663970222681
1984-01-31,0.03627477138908741,0.11033506390696379,
1984-02-29,0.029531656706218712,0.12243861527179534,
1984-03-31,0.022001808492396746,0.11834296031898628,0.08578045114732769
1984-04-30,0.014082656113983294,0.11105630212729944,
1984-05-31,0.006360405212944231,0.11006641479093071,
1984-06-30,-0.0006757165214917871,0.10731382111169108,0.07996531921438144
1984-07-31,-0.006628891462200137,0.09416139485267383,
1984-08-31,-0.011369516311105166,0.08253081530273332,
1984-09-30,-0.014954908455628302,0.06418059415241295,0.06900732226163919
1984-10-31,-0.017415815394523637,0.055408520115807436,
1984-11-30,-0.01892779248603027,0.05427339687203969,
1984-12-31,-0.019697055112277706,0.04947623132763734,0.05575643773964911
1985-01-31,-0.01982900071473548,0.028607535247795468,
1985-02-28,-0.019338678608543436,0.026974510514389483,
1985-03-31,-0.018108348104844074,0.023533808593932504,0.045548222635726665
1985-04-30,-0.01621532531123815,0.015498245464120819,
1985-05-31,-0.013944016089813771,0.011581584762862196,
1985-06-30,-0.011496898428367208,0.007508289866386297,0.03683987731337335
1985-07-31,-0.00924384680084811,-0.00048288423263631586,
1985-08-31,-0.007271135670045226,0.0016321291032459495,
1985-09-30,-0.005681250570347407,0.008137556893935916,0.04262423409248006
1985-10-31,-0.004476188382918189,0.005107372573261992,
1985-11-30,-0.0034818327202955635,0.005193052458631664,
1985-12-31,-0.0025509936558434365,0.014640547792554415,0.04182460058948112
1986-01-31,-0.0018109811629836159,0.02048072585643501,
1986-02-28,-0.00125555001768074,0.010385379666885353,
1986-03-31,-0.000932426277887255,0.0019881731992792417,0.04146107165729074
1986-04-30,-0.0007492089352824083,0.005111019240408021,
1986-05-31,-0.000629165210654814,0.005594806675044639,
1986-06-30,-0.0006750043498831015,0.002118012978540307,0.03702004545954951
1986-07-31,-0.0008277234723438331,0.013474019115288671,
1986-08-31,-0.0010337948044393253,0.008425639429502585,
1986-09-30,-0.0012557782427394804,0.007510032834731728,0.031191787285773875
1986-10-31,-0.0014534679449745846,0.015268055880974574,
1986-11-30,-0.001483799783285611,0.015830682116692474,
1986-12-31,-0.001068900129481798,0.015397510097616474,0.029072396676214085
1987-01-31,8.406117715931138e-05,0.006290980771269439,
1987-02-28,0.00187557350489298,0.026665460466799296,
1987-03-31,0.003898277603323397,0.03536080520673135,0.027115848244058993
1987-04-30,0.005820035860497841,0.04094595381613808,
1987-05-31,0.007459239893674363,0.04534316619288514,
1987-06-30,0.008776723961970045,0.05513248354213385,0.03353600672877488
1987-07-31,0.009636872233444338,0.055798635529874074,
1987-08-31,0.009714091476954456,0.0655365364783802,
1987-09-30,0.008967488698294668,0.06666461470496121,0.032619859723208355
1987-10-31,0.007566856016552492,0.07651380612824421,
1987-11-30,0.005785159029422449,0.07752121741066786,
1987-12-31,0.003912230553248408,0.07332242225859242,0.04474555651430423
1988-01-31,0.0019235151416603369,0.07709477654050279,
1988-02-29,-5.0282978771298836e-05,0.06832640746654262,
1988-03-31,-0.0017112359611757277,0.06926007725676864,0.042412578965448366
1988-04-30,-0.002943758440234423,0.06851949632313103,
1988-05-31,-0.003729400240932601,0.05986814897705983,
1988-06-30,-0.004121865303417072,0.057196385086146995,0.04484493225777175
1988-07-31,-0.0041475406966619,0.050211072599017026,
1988-08-31,-0.0035830288032576707,0.04764444383861344,
1988-09-30,-0.002390904457438059,0.040240215773241106,0.04193200105129624
1988-10-31,-0.0007587571902647472,0.031004064761515515,
1988-11-30,0.0008501126413598126,0.028508954671661924,
1988-12-31,0.0018409921613224967,0.027591590755400075,0.03799338836732069
1989-01-31,0.001945582315279193,0.0308412330524912,
1989-02-28,0.0010771820288912881,0.021222053780131978,
1989-03-31,-0.0005932039234747277,0.021397617805398728,0.043151632099998505
1989-04-30,-0.002689459592910004,0.01518463733588149,
1989-05-31,-0.004856364503710853,0.011469754997114556,
1989-06-30,-0.006629855024887998,0.008530367158903873,0.037479108262349126
1989-07-31,-0.00771098230163203,-0.0012603208178517677,
1989-08-31,-0.008155192115144039,0.0034122088115655647,
1989-09-30,-0.008175592231997375,0.0032553145661864402,0.0390754190722471
1989-10-31,-0.008040247013051505,-0.0024204225180516348,
1989-11-30,-0.007776826131344894,-0.0015491113674959145,
1989-12-31,-0.007341766920011317,-0.0005613057132211052,0.02743211930028755
1990-01-31,-0.006559105675149168,-0.008602596700810095,
1990-02-28,-0.00533336899673309,0.004900868070699005,
1990-03-31,-0.0039713907791831815,0.007212468094980329,0.02821006526483294
1990-04-30,-0.0031034276799174476,0.005114244452181005,
1990-05-31,-0.0031632032202801863,0.013819641201527455,
1990-06-30,-0.00460607824166781,0.017224415032865092,0.024127049641931242
1990-07-31,-0.007492085446225705,0.025400259911158907,
1990-08-31,-0.011520809124942799,0.019145828909683082,
1990-09-30,-0.01589493343273174,0.022966988105829422,0.017273622503686914
1990-10-31,-0.019792401766479006,0.01783896890596881,
1990-11-30,-0.022595664180008246,0.0017835928928935374,
1990-12-31,-0.02387533350943094,-0.010806361809775122,0.006030627340393391
1991-01-31,-0.023615082073490612,-0.008936798390759781,
1991-02-28,-0.021903936707473592,-0.025053527683296162,
1991-03-31,-0.01897607710868665,-0.03519457083069366,-0.009501973946258402
1991-04-30,-0.014996469528282375,-0.030370575868709948,
1991-05-31,-0.010149737647537904,-0.02366685106015598,
1991-06-30,-0.004537797298622914,-0.01901071005719146,-0.0053893079581170955
1991-07-31,0.0013840007300063295,-0.014791770750698041,
1991-08-31,0.006996189260902952,-0.01813248595253214,
1991-09-30,0.011686557495715233,-0.01032816077334009,-0.00102808870342197
1991-10-31,0.015094291641804869,-0.005175503151697458,
1991-11-30,0.017084278787255602,0.006013566164618123,
1991-12-31,0.017806770024839436,0.008433139349919072,0.011664011655910578
1992-01-31,0.01767183360288338,0.006493368318189807,
1992-02-29,0.016768601255621407,0.021066012444725946,
1992-03-31,0.015302683319062593,0.03551998195894668,0.02858936912248855
1992-04-30,0.013303652884577133,0.04077346202316012,
1992-05-31,0.010805399123382964,0.033877488860613925,
1992-06-30,0.008001973554695008,0.026193489070208242,0.03169835814511379
1992-07-31,0.0055759281788765325,0.03269121721238433,
1992-08-31,0.004241642162458925,0.026819035894777743,
1992-09-30,0.0043202836596552,0.021628560045239498,0.036653854414522735
1992-10-31,0.005730598294612754,0.029681984481164436,
1992-11-30,0.007773524407915566,0.03502350305885993,
1992-12-31,0.00931079080599595,0.04135199673843393,0.04382645388993267
1993-01-31,0.009453723022589955,0.05099707593779779,
1993-02-28,0.008156362971284858,0.048427334776900866,
1993-03-31,0.005776732912818661,0.03879966052298678,0.033199058070509935
1993-04-30,0.0031513390727591073,0.033844897284653674,
1993-05-31,0.000838648452859303,0.02652215300645122,
1993-06-30,-0.0006318209672883102,0.028203236795116826,0.02806668207145946
1993-07-31,-0.0012002333008167554,0.02163449470354939,
1993-08-31,-0.0010031528096219322,0.026150111134423115,
1993-09-30,-0.0003745237081307362,0.028234372813231712,0.022865117406066116
1993-10-31,0.00037746067274579964,0.028768573847148593,
1993-11-30,0.001172791958273578,0.02963443550344458,
1993-12-31,0.0023336343220088374,0.03407657363734096,0.026077107599381977
1994-01-31,0.003954997426247386,0.03321593919437493,
1994-02-28,0.0059056050275165806,0.02892082120470052,
1994-03-31,0.008088027748747395,0.040251572327044016,0.03430706936043171
1994-04-30,0.010178913343927176,0.04328239147509039,
1994-05-31,0.012003458803329536,0.052240072580943764,
1994-06-30,0.013185342392142418,0.05692068237695791,0.04225610689832271
1994-07-31,0.01353437425797055,0.05552074791384487,
1994-08-31,0.012949386073153546,0.06373617589093827,
1994-09-30,0.011388797543145701,0.06137957613147349,0.04337048254936149
1994-10-31,0.00888336096219744,0.062225406936672334,
1994-11-30,0.005518501459764513,0.06435380995770501,
1994-12-31,0.00142962664760371,0.06882641578601034,0.04116167021429895
1995-01-31,-0.0030490207118657464,0.06745322155028588,
1995-02-28,-0.00764647811186514,0.06561607501032829,
1995-03-31,-0.012048339706784428,0.0563977404746665,0.03481405627292
1995-04-30,-0.015748662167173633,0.04839923921322509,
1995-05-31,-0.018383398468810652,0.04851157177609866,
1995-06-30,-0.019857690354366686,0.04501504677171719,0.024023751008017014
1995-07-31,-0.020421993186859222,0.03943534108383906,
1995-08-31,-0.020517395268176974,0.04602329056555776,
1995-09-30,-0.020407986769166664,0.04694985857695122,0.026733258155179795
1995-10-31,-0.020023720265981093,0.03678486186739849,
1995-11-30,-0.0190304609605344,0.03238510605976708,
1995-12-31,-0.017194460800999622,0.02566582280616192,0.021997916299495213
1996-01-31,-0.014356557595814001,0.018384818494813215,
1996-02-29,-0.010457617906554861,0.03439368229424211,
1996-03-31,-0.00587125703204916,0.03129650956457586,0.026013098466592277
1996-04-30,-0.0013867045400337563,0.043620006660830324,
1996-05-31,0.0024096296034405995,0.04629225614088073,
1996-06-30,0.005171674219973221,0.05066557016015505,0.04002379484223728
1996-07-31,0.006926057104837735,0.054999657083191655,
1996-08-31,0.00817178658966733,0.04665377176015473,
1996-09-30,0.009311656498180776,0.04913700917009467,0.040501348871777365
1996-10-31,0.01038674706613052,0.0506804259002962,
1996-11-30,0.011336765354458267,0.05743160546661197,
1996-12-31,0.011991182022704105,0.06038192502932804,0.04421452442981133
1997-01-31,0.01232745613417996,0.06788029746537227,
1997-02-28,0.012355463746764883,0.06498874915296105,
1997-03-31,0.012064383292675451,0.07353625262172825,0.043140689443069924
1997-04-30,0.011736202272022656,0.06363577607100912,
1997-05-31,0.011509699741151236,0.061840953291140144,
1997-06-30,0.011510266977776018,0.058729415385676775,0.0431127171595187
1997-07-31,0.011723344648589373,0.06772236034568313,
1997-08-31,0.011811264718310843,0.07298882740559254,
1997-09-30,0.011676569367623513,0.07618482914952551,0.04674702492340366
1997-10-31,0.011285892462703506,0.08588900711499559,
1997-11-30,0.010515072548192839,0.08502602930523939,
1997-12-31,0.009389415775755694,0.08283886777187432,0.04483552816031211
1998-01-31,0.007986276353673771,0.08581439692029025,
1998-02-28,0.006230021203345926,0.07497902443876026,
1998-03-31,0.004080471290148324,0.06860804849062307,0.04855526883310857
1998-04-30,0.0015571830630423111,0.07132205123530877,
1998-05-31,-0.0012740405469007232,0.07229003626586228,
1998-06-30,-0.004257253474364897,0.061100334816953206,0.040927900863352296
1998-07-31,-0.007019884075722738,0.048021868787276434,
1998-08-31,-0.009203873577586896,0.05903093021939765,
1998-09-30,-0.010570849277714012,0.04822765060094114,0.04103452727565782
1998-10-31,-0.01082676070255617,0.04628729050802449,
1998-11-30,-0.009895201549089294,0.03690785680811093,
1998-12-31,-0.00809241839551822,0.03674032555685791,0.04883126568525764
1999-01-31,-0.005799078282721304,0.03638184721548954,
1999-02-28,-0.0033293539722732968,0.04058843624562303,
1999-03-31,-0.0007399864238482046,0.0424310186195187,0.048163367927339884
1999-04-30,0.0019762384849428827,0.04122831791062587,
1999-05-31,0.004805167226941354,0.04075300614317978,
1999-06-30,0.007553426926419027,0.04623120443925366,0.04721885912228041
1999-07-31,0.009974188126594452,0.05665672335461114,
1999-08-31,0.011932179843860746,0.03980967559819071,
1999-09-30,0.013258434154614473,0.03653256894336265,0.047911182467322844
1999-10-31,0.013707591127090524,0.04258245406580152,
1999-11-30,0.013254427267085811,0.04914612409462804,
1999-12-31,0.012073511276963433,0.0533243994989685,0.048235742707329665
2000-01-31,0.010163649205551906,0.048120035264027416,
2000-02-29,0.0077020923360480165,0.04569993593733246,
2000-03-31,0.005160807338323803,0.04746344132128755,0.04224744861233032
2000-04-30,0.0026383271003598274,0.05184684158142794,
2000-05-31,8.666717117300493e-05,0.0483016262968754,
2000-06-30,-0.0023238645157090954,0.049796942970208535,0.052444568111355006
2000-07-31,-0.004620857989277027,0.04176563981441461,
2000-08-31,-0.007019853802823772,0.03447150983783098,
2000-09-30,-0.009674923247108502,0.04295902557998388,0.039731723525519014
2000-10-31,-0.012806708959343438,0.026113096200664154,
2000-11-30,-0.016332080542990846,0.020919294294707846,
2000-12-31,-0.01995807950419548,0.009326437329357784,0.029055943095086967
2001-01-31,-0.022933710654791217,0.005088318197081554,
2001-02-28,-0.024703473347107874,-0.004842171586416089,
2001-03-31,-0.025390535157848837,-0.011300496344468058,0.021975051856706784
2001-04-30,-0.025143137953177797,-0.021087827646255386,
2001-05-31,-0.024134510706923518,-0.028835476706951746,
2001-06-30,-0.022928163387384792,-0.03483478769476889,0.009962983270431103
2001-07-31,-0.021749624416110946,-0.038987223977821284,
2001-08-31,-0.020445842312505458,-0.03741581818888695,
2001-09-30,-0.018623787825777116,-0.046225849860109025,0.004892362925611016
2001-10-31,-0.015501755279765939,-0.04586698444978399,
2001-11-30,-0.010919722270398835,-0.05163292748468096,
2001-12-31,-0.005187466438325017,-0.048854361698786875,0.0016731829373148877
2002-01-31,0.000675424055574414,-0.037259645468564195,
2002-02-28,0.005709096718973239,-0.030949212139136706,
2002-03-31,0.009264492426899196,-0.0211943426107547,0.013372586567694578
2002-04-30,0.010893990783368723,-0.012962736403785646,
2002-05-31,0.010638280930850508,-0.003586397614829595,
2002-06-30,0.009079080703844333,0.010128364656775135,0.013253787532159889
2002-07-31,0.0069236631326303755,0.015909039965929184,
2002-08-31,0.004757463874064172,0.015874102180347016,
2002-09-30,0.0025808164635041653,0.022219991676807327,0.021465169830615416
2002-10-31,0.00010183586851408855,0.02275642983688675,
2002-11-30,-0.002768297211239057,0.034378577427188306,
2002-12-31,-0.006070584713863014,0.029084276775386275,0.01992524822195474
2003-01-31,-0.009494087469388734,0.03016961222609682,
2003-02-28,-0.012416399586285487,0.031470811983347335,
2003-03-31,-0.014051704566894863,0.021129273317265662,0.016792570124718242
2003-04-30,-0.013670936104221432,0.009769611806166534,
2003-05-31,-0.01115372490283617,0.005262748237596648,
2003-06-30,-0.006808773062110696,-0.0017104687081275216,0.019550651524723905
2003-07-31,-0.001217736468808961,0.003796106811700506,
2003-08-31,0.004929197473403368,0.0026317678566498692,
2003-09-30,0.011156603747152882,0.00821729493447032,0.032311353875128956
2003-10-31,0.016914063136650226,0.012127768541471129,
2003-11-30,0.021741428920987182,0.013509573865355229,
2003-12-31,0.025569149938523328,0.01972806425560636,0.04300440651057458
2004-01-31,0.028433106086741322,0.013073939354038888,
2004-02-29,0.03006459328651223,0.01794078259554488,
2004-03-31,0.030333629848667165,0.016774736583012873,0.04341952085996703
2004-04-30,0.029098422296114368,0.027441691244203925,
2004-05-31,0.02660937183984302,0.03513543707200628,
2004-06-30,0.023219200252257544,0.02585344082861818,0.04227491217016888
2004-07-31,0.019129440013364807,0.028151568970519847,
2004-08-31,0.01459944580364092,0.03135952979430723,
2004-09-30,0.00998816036638095,0.02581336333165174,0.03494860356231766
2004-10-31,0.005660788081476076,0.03351457095862864,
2004-11-30,0.001990655089960214,0.02901988027331992,
2004-12-31,-0.0009711573409231233,0.03656633995933678,0.03351104943954786
2005-01-31,-0.0034051405473675134,0.038516360327964794,
2005-02-28,-0.005224612160277031,0.039556537869009034,
2005-03-31,-0.0065063281299931885,0.04219706589576644,0.039088432572524257
2005-04-30,-0.007038731605609527,0.040021698511241155,
2005-05-31,-0.006775644743739373,0.03362547791391246,
2005-06-30,-0.005819990991976942,0.04616199719799563,0.036177355801611855
2005-07-31,-0.004448315305150219,0.03513801548030959,
2005-08-31,-0.002773552177601224,0.03767376389470356,
2005-09-30,-0.0009103400369810943,0.016333161940564445,0.03448598847170792
2005-10-31,0.0010776152535805217,0.01978700837817815,
2005-11-30,0.002977014711696091,0.028429324894514663,
2005-12-31,0.004664596032021517,0.025498573411232517,0.029727366937913002
2006-01-31,0.0061797092860862435,0.023438958481734495,
2006-02-28,0.0074946759374736605,0.016738537886696214,
2006-03-31,0.008458190654907272,0.020248431360959662,0.032131067957182013
2006-04-30,0.008714541755154626,0.021203998840915617,
2006-05-31,0.008257460981213605,0.020413395554250702,
2006-06-30,0.007463714014495526,0.01949483678645536,0.029729038556202125
2006-07-31,0.006735962983497323,0.022120380056238176,
2006-08-31,0.006234363892954509,0.023160694234167556,
2006-09-30,0.005888768332139582,0.04143675693717719,0.02325277937424497
2006-10-31,0.005408156917484197,0.02786237418121229,
2006-11-30,0.004801262124755956,0.016429543638603494,
2006-12-31,0.004339628432291187,0.021774098070194814,0.026345603763438197
2007-01-31,0.004198674887084364,0.016575886192366163,
2007-02-28,0.004473445051283331,0.02596918451097463,
2007-03-31,0.005275215794828592,0.025536183628790843,0.015767249700146868
2007-04-30,0.006545524084007992,0.02949525167491074,
2007-05-31,0.007875669483374592,0.029630657756632983,
2007-06-30,0.008784597857764087,0.026306835334658718,0.01934374720018117
2007-07-31,0.008952095553928396,0.025379772156912006,
2007-08-31,0.008158227312247357,0.02290299022438247,
2007-09-30,0.006595870412211768,0.027404563765424106,0.023680360773066234
2007-10-31,0.004639099542616432,0.02531341645372076,
2007-11-30,0.0024657507460423833,0.03138241458612723,
2007-12-31,0.0002720493091823428,0.021457924209037582,0.02133364682457861
2008-01-31,-0.0019276725655203997,0.023887021575406786,
2008-02-29,-0.004260907088558974,0.010320915340894965,
2008-03-31,-0.006789843087987357,0.005284319584390129,0.013924712055185307
2008-04-30,-0.009618822048585773,-0.008317960691975546,
2008-05-31,-0.012841745690613027,-0.014738772743060902,
2008-06-30,-0.016667959531828314,-0.01754187481922953,0.013760107660276244
2008-07-31,-0.021259502701411526,-0.02040643397295372,
2008-08-31,-0.02672854682127157,-0.03778835922641344,
2008-09-30,-0.033202952197380786,-0.08221322780699991,0.0026596727212868654
2008-10-31,-0.04031926008319797,-0.07024091228864215,
2008-11-30,-0.047041338215264905,-0.08744917167937949,
2008-12-31,-0.05257530436864499,-0.11375273321833279,-0.025411536884212604
2009-01-31,-0.05626373306888488,-0.13470628549050323,
2009-02-28,-0.05765600576511587,-0.13684088472600675,
2009-03-31,-0.05658549698087467,-0.14744443513365646,-0.03234227293078318
2009-04-30,-0.05295237953384213,-0.14843898894606433,
2009-05-31,-0.04708546258784363,-0.15160388287460558,
2009-06-30,-0.03927180933066232,-0.1519279508056367,-0.03978837405318725
2009-07-31,-0.029732789229823142,-0.13796828449408272,
2009-08-31,-0.018640526288322135,-0.11429427010939786,
2009-09-30,-0.006321764292958831,-0.06579484603298447,-0.031328157006863644
2009-10-31,0.006559317698337841,-0.072935671078865,
2009-11-30,0.018905386575976957,-0.05696432572915522,
2009-12-31,0.029765244640464816,-0.026274440570243307,0.001055725234829774
2010-01-31,0.03825827001856008,0.009164855381976533,
2010-02-28,0.04360387112077779,0.018852201472657537,
2010-03-31,0.04560025028349157,0.04235112639541905,0.017452658449103264
2010-04-30,0.04417482188283883,0.05444565284543468,
2010-05-31,0.04012297903269091,0.07946171702475291,
2010-06-30,0.03454739542537699,0.08509460072166686,0.0291359502911801
2010-07-31,0.028679998949393548,0.07639981144492003,
2010-08-31,0.023382606284895635,0.06840622789536788,
2010-09-30,0.019048871903146747,0.06239009282258223,0.03344209253779229
2010-10-31,0.015719860801586716,0.057077628176956496,
2010-11-30,0.013271292585595118,0.05367917331298977,
2010-12-31,0.011281349895547521,0.060492845066336676,0.027759609093124693
2011-01-31,0.009549821433081362,0.047126899432790914,
2011-02-28,0.008068578078970878,0.03906043987968322,
2011-03-31,0.0064759865552761475,0.04260061081472655,0.020377971996133448
2011-04-30,0.004898998944616428,0.03530214207304727,
2011-05-31,0.0033457224169564093,0.022633094152799238,
2011-06-30,0.0016552417047277501,0.0233624266455712,0.017437088645501975
2011-07-31,-0.00030940264801693207,0.024291019617960208,
2011-08-31,-0.002425907724313392,0.0270763873813451,
2011-09-30,-0.0041699499843770305,0.02338772556334301,0.009426534645672335
2011-10-31,-0.005152157729424234,0.0333539588590952,
2011-11-30,-0.005470790727925667,0.03252144807843993,
2011-12-31,-0.0052422363440306485,0.027875163888268606,0.01543075871606514
2012-01-31,-0.004753997040323421,0.036239860205750984,
2012-02-29,-0.004267716507724506,0.04412052520082166,
2012-03-31,-0.0037064891280118584,0.02777021131706059,0.026380693108862374
2012-04-30,-0.0030144915990912846,0.03888524065027621,
2012-05-31,-0.002082411958212682,0.039538268774492735,
2012-06-30,-0.0007383352732758253,0.03667539637222794,0.02403335839137921
2012-07-31,0.0010368872642507743,0.0338553820331855,
2012-08-31,0.0029120805371796177,0.023231041180101553,
2012-09-30,0.0043625537662908,0.02325838357285903,0.025737123144880414
2012-10-31,0.004861775193703677,0.019333823793739047,
2012-11-30,0.004424848117686508,0.023436822365251686,
2012-12-31,0.003554531654817339,0.02083918090355108,0.01551852007332477
2013-01-31,0.0028686074405672723,0.014712902592504573,
2013-02-28,0.0027970462566806464,0.016245794106651168,
2013-03-31,0.0033460309738264638,0.025746465283320807,0.01700868485709428
2013-04-30,0.004619416890606187,0.017180880258021558,
2013-05-31,0.006466267960520078,0.0161193533794326,
2013-06-30,0.008316863226962123,0.017913573801564997,0.015199382041070075
2013-07-31,0.009602133693101589,0.01262741549478874,
2013-08-31,0.010189771958899252,0.0226070102491005,
2013-09-30,0.009996113392997108,0.028803465301223907,0.02237022493295515
2013-10-31,0.00935263971947431,0.024377066406950698,
2013-11-30,0.00851096761377268,0.02279188024587997,
2013-12-31,0.007351075146827979,0.02219282595235761,0.030091449601746367
2014-01-31,0.00596963270350237,0.018289683909538335,
2014-02-28,0.004820339123276174,0.021130336169967068,
2014-03-31,0.004140367345061957,0.027229841298037627,0.01650817555938011
2014-04-30,0.0036305896266701776,0.029067617298096815,
2014-05-31,0.003070795182124497,0.03233198763940237,
2014-06-30,0.002608472820641472,0.03381820673421854,0.026891521587272926
2014-07-31,0.002303695442537279,0.03932745552727401,
2014-08-31,0.0020645455202714658,0.03165942923987419,
2014-09-30,0.0018699016213288289,0.029373514955652213,0.03059782928201682
2014-10-31,0.00159801382827518,0.030713478642478087,
2014-11-30,0.0011674825906422548,0.03468339088773531,
2014-12-31,0.0006247287960796655,0.03244545352204731,0.026858351011456394
2015-01-31,-7.301353386868215e-05,0.02824928249282488,
2015-02-28,-0.0011670740436806604,0.013825163783033334,
2015-03-31,-0.0025662844653844274,0.0004647429126705127,0.03969299498818479
2015-04-30,-0.00406210998653167,-0.005876721408056618,
2015-05-31,-0.005553399029208483,-0.014437792515895831,
2015-06-30,-0.007020258933269852,-0.020667923343983263,0.032790878609270546
2015-07-31,-0.008610176189187801,-0.016642302825524813,
2015-08-31,-0.010239016407498025,-0.016677024865522028,
2015-09-30,-0.011686904326357994,-0.02259617625580701,0.024473213664345517
2015-10-31,-0.012709271432583824,-0.027207707215902155,
2015-11-30,-0.013376470395916606,-0.04054411319159934,
2015-12-31,-0.013703630622514673,-0.04530827089434508,0.02119861312664817
2016-01-31,-0.013665176774443677,-0.03275600322493111,
2016-02-29,-0.01325268059807072,-0.03169514240151616,
2016-03-31,-0.012467139226930546,-0.035682157448145735,0.017950168913805964
2016-04-30,-0.011512976485347104,-0.027429773616214348,
2016-05-31,-0.010474509725644565,-0.02511534683428751,
2016-06-30,-0.009372771343535757,-0.01742270206144414,0.01493250832714721
2016-07-31,-0.007853475815381983,-0.022443949470452584,
2016-08-31,-0.005900027502138805,-0.021683266596793094,
2016-09-30,-0.003611463439515239,-0.019782276725348158,0.018057615310855146
2016-10-31,-0.0012264289558624464,-0.014521829656712226,
2016-11-30,0.0012094289606765507,-0.01099175166083044,
2016-12-31,0.0035559336510129214,0.0009339087720718897,0.021815663030564147
2017-01-31,0.005469274198717011,-0.006606955049378693,
2017-02-28,0.006756476833118308,-0.004866873716051212,
2017-03-31,0.007320237488311898,0.008917341459018013,0.020874616941966906
2017-04-30,0.007467629341712856,0.01565297577155378,
2017-05-31,0.007532083709685944,0.019101940117127736,
2017-06-30,0.0077062619986225656,0.016163682864450024,0.023304137937582903
2017-07-31,0.007884970984802786,0.012735238172326024,
2017-08-31,0.008173378364254802,0.009202534747466906,
2017-09-30,0.008353751555055577,0.01124066993987416,0.024108214121745908
2017-10-31,0.00834082011212578,0.022949959587652113,
2017-11-30,0.008092454321565024,0.029635406710240897,
2017-12-31,0.007787368404476025,0.024496270879741155,0.029941434967617697
2018-01-31,0.007733767922873502,0.026267552103418357,
2018-02-28,0.007974972919686962,0.033864934442184635,
2018-03-31,0.008259580970705338,0.03207750768929496,0.03328810094759116
2018-04-30,0.008365570473260808,0.03338326257246904,
2018-05-31,0.008191186544687312,0.022595941619077742,
2018-06-30,0.007663470279529738,0.0285985409172147,0.032989628465220244
2018-07-31,0.006740188957521376,0.032356358528473406,
2018-08-31,0.005218059406195241,0.0443138057597412,
2018-09-30,0.003048134842030148,0.04359588086832922,0.03130030640718684
2018-10-31,0.00029130723849069007,0.029125300376937835,
2018-11-30,-0.002747909232025947,0.027069011660117548,
2018-12-31,-0.005834975000690967,0.02500855039509231,0.02125110751484538
2019-01-31,-0.008765127421244356,0.019518925694741007,
2019-02-28,-0.011296710308463243,0.010451468865706914,
2019-03-31,-0.01316702060396191,0.0057167112821179256,0.018512850454525775
2019-04-30,-0.014504444402933303,-0.010631195160372697,
2019-05-31,-0.015429806365221399,0.0002744379150141363,
2019-06-30,-0.016001459632935422,-0.006813486264492408,0.021540533335291823
2019-07-31,-0.016169743285306626,-0.012675475693241456,
2019-08-31,-0.015849973267642148,-0.01254123002631602,
2019-09-30,-0.014645895144807963,-0.015238464781819894,0.026702647849291328
2019-10-31,-0.012528047362818318,-0.022489000834137518,
2019-11-30,-0.00986396280398727,-0.0178143031729594,
2019-12-31,-0.0071505691797069115,-0.020295284562852345,0.03182556070035214
2020-01-31,-0.004939056857299562,-0.019310651717566518,
2020-02-29,-0.0036706998218742903,-0.011632882488631702,
2020-03-31,-0.01495728887572989,-0.05019420667012875,0.012265547889679818
2020-04-30,-0.05917376729960233,-0.1726213005425039,
2020-05-31,-0.04286987805622289,-0.16057536086983693,
2020-06-30,-0.02534586989459453,-0.10661405629660847,-0.07528460210503718
2020-07-31,-0.01048999054193478,-0.06870175135948942,
2020-08-31,-0.0035698206914025477,-0.06701311792510667,
2020-09-30,-0.0009378877849766099,-0.0652199567937658,-0.014689314767167172
2020-10-31,0.0017914892830677154,-0.050914251856751136,
2020-11-30,0.004560169740897457,-0.05180326584955164,
2020-12-31,0.007545399265926456,-0.038363236622040775,-0.010832850303525987
2021-01-31,0.010523067881713644,-0.025579817078463685,
2021-02-28,0.014173704947838983,-0.06158039219544831,
2021-03-31,0.030046597408768472,0.004790758821794805,0.0157260732388822
2021-04-30,0.08226034962558626,0.1618326223227764,
2021-05-31,0.06566136714373605,0.1532756719535855,
2021-06-30,0.047565743968678076,0.08679426621160413,0.11950272211519608
2021-07-31,0.03223311588746958,0.05376763943149676,
2021-08-31,0.024988836378363244,0.04419109357678397,
2021-09-30,0.021767918029842237,0.03356481964517499,0.04735316794710931
2021-10-31,0.0180826609798046,0.04018803432985041,
2021-11-30,0.014154361912192659,0.04481583044589743,
2021-12-31,0.009934952477558934,0.029707457178026253,0.054210917824865756
2022-01-31,0.005831751211984759,0.02266671795723174,
2022-02-28,0.0013781352500488175,0.0660785284101395,
2022-03-31,-0.003122604698465481,0.044254298411068094,0.035650820052708365
2022-04-30,-0.007600694817773812,0.045851706098164025,
2022-05-31,-0.010811424776367318,0.03657156573623199,
2022-06-30,-0.01348187574179871,0.03192355310442396,0.018705984510977824
2022-07-31,-0.015331755941647818,0.03005999614474586,
2022-08-31,-0.016513766258769214,0.031050032209576806,
2022-09-30,-0.01744175608353582,0.045092235724510266,0.01713213136122027
2022-10-31,-0.01823179520279039,0.030974682093026784,
2022-11-30,-0.018791601547309744,0.018514364542066897,
2022-12-31,-0.018854347036368235,0.005935412247487282,0.006516916593409139
2023-01-31,-0.018313884929070823,0.015096607000208762,
2023-02-28,-0.017276531915304205,0.008758160678071558,
2023-03-31,-0.015586520852929886,0.0017681843907961792,0.017179273017444263
2023-04-30,-0.013082143084176545,0.003230692453837891,
2023-05-31,-0.009792631674006347,9.243322186214264e-05,
2023-06-30,-0.006135219602020681,-0.0031065487801196223,0.023824681594386554
2023-07-31,-0.0027896820094250874,-0.0003956064414037952,
2023-08-31,2.053365677312513e-05,0.002462357508737467,
2023-09-30,0.002411034797999534,-0.00038347002703609245,
